{"cameraMode":{"drawMode":0,"name":"Shaded","section":"Shading Mode"},"sceneLighting":true,"audioPlay":false,"sceneViewState":{"showFog":true,"showMaterialUpdate":false,"showSkybox":true,"showFlares":true,"showImageEffects":true,"showParticleSystems":true},"in2DMode":false,"pivot":{"x":0.1630237102508545,"y":-2.351109743118286,"z":-2.7047672271728517},"rotation":{"x":0.01836853101849556,"y":-0.978614091873169,"z":0.1783909797668457,"w":0.1007661521434784},"size":10.660204887390137,"orthographic":false}